Title,Comments
Ο Τσίπρας ξεχνά τα αγγλικά του μπροστά στον Κλίντον,"Δεν γίνεται να ξεχάσεις κάτι που δεν ξέρεις
Δεν βλέπω να ξεχναει τα αγγλικά του! Βλέπω τον Κλίντον να μιλαει και τον Τσίπρα να γελαει.
Οταν στο σχολειο εκαναν Αγγλικα ο Τσιπρας εκανε καταληψη
Καλα μεταξυ μας και εγω με lower ετσι οπως μιλάει ο Κλίντον με την γερικη πλέον φωνή του χρειάστηκε να το ακούσω πολλές φορες και με αρκετή συγκέντρωση για να καταλάβω τι λεει.. Ενα μουρμουρητο ακουγα μονο στην αρχή.
Νιώθεις αμήχανα και μόνο που τον βλέπεις.. :S
He's the prime minister, most of the Greeks deserve
Α ρε Βαρουφάκη πού είσαι να τους τάπωνες όλους με τα αγγλικά σου και με τον αέρα σου! Μας λείπεις!
Μες στο μυαλό του αλεξη: Τι λέει τώρα αυτός? Πρέπει να λέει έξυπνα πράγματα. Κάτσε να γελάσω για να δείξω ότι καταλαβαίνω τι λέει. Όπα τώρα αυτός απευθύνεται σε μένα?
Ο Τσίπρας έχει την έκφραση του παιδιού που το έχει αναγκάσει η μάνα του να δώσει το lower, μπαίνει στην τάξη, ξεκινάνε με listening και αυτός ειναι σε φάση ""ωωωωω ρε φίλε, τι είναι αυτά, που με έστειλαν!""
Μόνο ντροπή μπορεί να νιώσει κάποιος τίποτα άλλο
Φίλε δεν μπόρεσα να το δω όλο.. το γκριντζ με νίκησε
Κανείς άλλος δεν  μπορεί να σε προσβάλει παρά μόνο ο ίδιος ο εαυτός σου ή ο εκπρόσωπός σου. Ο Τσίπρας καταφέρνει να προσβάλει εαυτόν και όλους τους Ελληνες.  Θλίψη και πόνο για όλους τους Ελληνες προκαλεί το βιντεάκι.
Απορώ, δεν είχε καμμία αίσθηση της σοβαρότητας; Το που βρίσκεται,και το τι εκπροσωπεί; Μάλλον νόμιζε ότι είναι ακόμα στο δεκαπενταμελές!
1:00 <3  «Δύο γελούν, κάτι ξέρουν. Ένας γελάει, τρελός θα είναι»...
Δεν του απαντούσε τουλάχιστον ""my name is Alexis"",  έτσι για να πεί κάτι τουλάχιστον : )
Ξεφτιλησε ολους τους υπολοιπους Ελληνες...Αν δεν ξερεις αγγλικα, παιρνεις μεταφραστή η καλύτερα δεν πας καθολου...
το ""ξεχνά"" μάρεσε !  :)
ποτε τα μαθε για να τα ξεχασει ;
Έκλαψα δν υπάρχει . Κ εγώ έτσι κάνω όταν προσπαθώ να σκεφτώ που είναι το northern κλαιωωω
Σαν Ινδος μπατλερ μιλαει αγγλικα ο Αλεξις...
Αυτό το Playmobil μας κυβερνούσε επί 4,5 χρόνια
Δεν καταλαβε τιποτα
Ειμαι 14 και ξερω καλυτερα αγγλικα απο αυτον που μας κυβερνα!
Φίλε μου, για να ξεχάσεις κάτι, πρέπει προηγουμένως ... να το έχεις.
eixe diavasei ta sos kai pesane ta antisos
τοσο γελιο δεν το ριχνεις ουτε σε παλια καλη ελληνικη  ταινια  και απο την αλλη βεβαια  να κλαις με την καταντεια του ελληνικου λαου, για την επιλογη του !!!
Μέχρι το ""In Northern Greece"" καταλαβε.
-Χαλλόου Μπιλ!Χαου αρ γιου τουντεϊ;
-Ε αμ φαϊν θενκς εντ γιου Αλεκσις;
Χαχαχαχαχα ο δικός μας τον κοιτά και δεν κατάλαβε τιποτα
Σαν να τον σηκώσανε να πει μάθημα ένα πράμα και όντας αδιάβαστος να προσπαθεί να τα βολέψει :D
ντρεπομαι που ειμαι ελληνας με κατι τετοια...
τι και αν δεν ξερω αγγλικα 
το στομα θα ανοιγοκλεινω και θα λεω ""γιαα,γιαα""
ετσι σαν να μιλαω τα αμερικανικα θα μοιαζω
και την ψηφο του λακαμα θα αρπαζω
αν ήταν έξυπνος θα του μίλαγε μόνο στα ελληνικά και θα του έλεγε ""τι; δεν έχεις φέρει μεταφραστή μαζί σου;""
Γελάνε και η κότες
Damn This is R E D I C O L O !!!!! But he speak good England!!!!
Κανεις δεν θα ηθελε να ριναι στην θεση του.
Χαχαχαχα τι ξέχασε ρε σεις; Γιατί Πότε τα θυμόταν.
In northern Greece... (loading loading.... fail) 
Στην Αμερική έχουν τον Jackass... εμείς τον Tsiprass!
Εδώ  γελάνε  πολυ.......
Γιατι ποτε ηξερε για να τα ξεχασει;
Και εγώ έτσι ήμουν όταν έδινα λουερ μην τον κράζετε
Μου χάλασε τη διάθεση πάλι.
δείτε τί ψηφίσατε Άν καταλάβετε ντροπή
Ο Μητσοτάκης που τα ξέρει καλά, άκουσες τι λέει;
Δεν μπορώ να καταλάβω το εξής: όλοι οι υπόλοιποι πολιτικοί των άλλων χωρών μιλούν πάντα στη δική τους γλώσσα και αυτό το βλέπουμε από τους Ρωσσους, τους Γαλλους μεχρι και τους Ρουμανους. Γιατί λοιπόν ο κύριος Τσιπρας ,γνωρίζοντας οτι δεν το εχει με τα αγγλικα, δεν μιλάει την δική μας γλωσσα; Δεν είναι οτι εχουμε καμια ασήμαντη γλωσσα ισα ισα ακριβως το αντιθετο! Χαρη στη ελληνική γλώσσα ο δυτικός πολιτισμός οφειλει μεγαλο μερος της ύπαρξής του.
Αν καταλαβα καλα, ο Τσιπρας δεν καταλαβε που ηταν το αστειο στην δηλωση Κλιντον, οχι οτι δεν καταλαβε τι ειπε.
Σιγα την προσωπικοτητα ο Κλιντον. Χαρη του εκανε ο Τσιπρας και μιλησε μαζι του.
Θεέ μου τι γλυτώσαμε. Εφιάλτης...
Πόσο διήρκεσε αυτό το ρεζιλίκι; θέλω να το απολαύσω από την αρχή! Υπάρχει κάπου ολόκληρο;
In Northern Greece...
Yeah... ΧΑΧΑΧΑΧΑΧΑΧΑ
Έπρεπε να παει στον Ομπάμα και να μιλήσει έτσι
Ο ΚΛΙΝΤΟΝ ΔΕΝ ΜΙΛΑΕΙ ΚΑΘΟΛΟΥ ΤΑ ΕΛΛΗΝΙΚΑ ΒΛΕΠΩ
ενταξει ρε παιδια η ζουμπουλια του εμαθε αγγλικα του τσιπρα μην κανετε ετσι
Όχι να προσλάβει έναν διερμηνέα ξέρω γω
0:49 : όταν συνειδητοποιείς ότι δεν παίζει να περάσεις στα προφορικά του Lower
Αυτός είχε βγάλει ΕΜΠ
Μετσόβιο Πολυτεχνείο
Ενω εμεις που μεγαλωσαμε σε τουριστικο νησι απο την τριτη δημοτικου πηγαινες υποχρεωτικα αγγλικα,  απο 15 χρονων δουλευω με τουριστες υποχρωτικα 7 μηνες μιλαω αγγλικά τοσα χρονια αυτο λοιπον κανει την διαφορα
Που πας ρε Τσίμπλα ??????????
ο Μειμαράκης θα μιλούσε πιο καλα αγγλικά ...όπως μιλά στα ελληνικά του!
Συγκρινετε τον με την εμφανισξ του μητσοτακη τωρα,παναγια μου απο το γλιτωσαμε
Τι εννοείς ξεχνάει?
Ποτέ ξανά!
Δεν υπάρχει τέτοιο πραμα
Γιατί ήξερε αγγλικά;
Και αυτοί οι Αγγλοι, Αμερικανοι ειδικά του bbc, cnn επιπεδου μιλάνε την πιο δύσκολη αγγλική γλώσσα. λες και δεν θέλουν να τους καταλάβεις.
i talk england very good
Αυτός ο άνθρωπος ήταν πρωθυπουργός και θέλει να ξαναβγεί; Αλλά λογικό να μην ξέρεις τα στοιχειώδη όταν είσαι κάθε μέρα με πανό και κλείνεις σχολές.
Χριστοφιας reloaded. :)
Αγγλικα μπορει να ξερει καλα. Σε ερωτησεις που αφορουν την παραγωγη ενεργειας και το ξεπουλημα αυτης στους Γερμανους δεν μπορουσε να απαντησει. Ειναι δυσκολο να φαινεσαι πολιτικος τηλεοπτικα οταν δεν ξερεις απο πριν τις ερωτησεις.
Τσίπρα τί δουλειά κάνς, σκάβς;
Τελικη διαγνωση -  δυσλειτουργια του κλωνου .
Painful to watch this clown, even after all these years...
Ειναι σαν να τον κοροιδευει βασικα
Ποια αγγλικά ξέχασε; Αυτά που δεν ξέρει;
""κριουσιαλ κουειστιον""
Πως αυτό το γελοίο υποκείμενο έγινε Πρωθυπουργός της Ελλάδος;;; Πως;;; Πιο διεθνές ρεντίκολο από δαύτονα δεν έχει ξαναυπάρξει στα ιστορικά χρονικά! Το καλύτερο βέβαια είναι ότι εκείνοι που τον ψήφισαν τον θαύμασαν κιόλας... Καμία σωτηρία!
Μην ανησυχείτε, θα φτιάξουν τα πράματα, σιγά σιγά ετοιμάζεται για Lower...
Αχαχαχχαχαχχ
ΕΓΩ  ΔΕ ΚΑΤΑΛΑΒΕΣ ΤΙ ΕΣΥ   ΣΟΥ  ΕΙΠΕΣ ......
Χαχαχαχαχα"
Όλα τα αγγλικά του Τσίπρα,"Σε δύο μέρες δίνω proficiency και νιώθω έτσι ακριβώς
ΙΕΚ ΤΣΙΠΡΑΜΑΝ!!! ΕΠΙΤΥΧΙΑ ΕΞΑΣΦΑΛΙΣΜΕΝΗ!!!
Κοίταγε τον Αμερικάνο σαν να του έκανε ερώτηση speaking και να μην καταλάβαινε Χριστό 
Έφτασε η βενζίνη 2 ευρώ το λίτρο δεν πειράζει όμως ο Μητσοτάκης μιλάει καλα αγγλικά  41%
Δεν το παίρνεις το lower φίλε..
Παιδιά είναι ένα κωμικό βίντεο δεν χρειάζεται να προσβάλλετε τις πολιτικές αντιλήψεις και ιδεολογίες του άλλου .. ΈΛΕΟΣ
Είναι η κλασική στιγμή, που ντρέπεσαι για τον ίδιο που νιώθει αμηχανία κια θες να το σταματήσεις το βιδεο.
But I speak england bester!!!! Ινστιτουτο Εκμαθησης Αγγλικης Γλωσσης 'Ο Βαμβακουλας'!!!
Μπορει να μην ξέρει τι λέει αλλά στο listening είναι professional όπως και στην υποκριτική!
Η γιαγιά μου που είναι από την Ευρυτανία εντυπωσιαστηκε και σε ψήφισε. 
Να να μην παιδεύεσαι βρε παιδί μου πες τους να στα γράφουν σε greeklish θα είναι πιο εύκολο
Να θέλω να γελάσω αλλά δεν ξέρω ούτε εγώ αγγλικά
Αν και είμαι κατα του Τσίπρα γενικά,δεν καταλαβαίνω τον λόγο που οι αρχηγοί κάθε χώρας χρειάζεται να μιλάνε στα αγγλικά, καταλαβαίνω δε για λόγους συννενόησης να συμβεί, αλλά όταν γίνεται συζήτηση για καίρια και σοβαρά ζητήματα θεωρώ πρέπον ο κάθε αρχηγός να εκφράζεται στην γλώσσα, οπου μπορεί να έχει την πλήρη ελευθερία λόγου, έτσι ώστε να διαικπεραιωνει και να αναπτύσσει σωστά και εύλογα τον λόγο του και να γίνεται όσο το δυνατότερο κατανοητός....Όποτε κύριε Κλίντον και υπόλοιποι εφοπλιστές πρώτου γελάσετε με τον Τσίπρα και τον κάθε Τσίπρα που δεν ξέρει άπταιστα αγγλικά, γελαστε πρώτα με τις εγκληματικές πράξεις που διαπράττετε τόσα χρόνια εις βάρος κατώτερων οικονομικων χωρών εκμεταλλευοντας τες εσαεί...
Βάλτε  υπότιτλους 
το ότι το 20-30% των Ελλήνων τον ψηφίζει είναι το τρομακτικό.
Οποίος γνωρίζει και μιλάει άπταιστα .... κορακιστικα θα τα καταλάβει αμέσως τι λέει. 
Καλα τον κοροϊδεύετε,αλλα μην πατε και τον ψηφίζετε μετά.Και μη μου λετε ολοι όχι δε ψηφίζουμε,που πήγε το 24% χάθηκε σε μια μερα?
Αυτό το άτομο κυβερνούσε κράτος  .... μαντάμ Μερκελ 
Μέγα βάσανο να μάθεις ξένη γλώσσα απ την αρχή μετά τα 50!...
Κλαιωω.. Ο καημένος δν καταλάβαινε τπτ
ΑΓΑΠΩΩΩΩΩΩΩΩΩΩΩΩΩΩΩΩΩΩΩΩΩΩΩΩΩΩΩΩΩΩ ΜΕΓΑΛΟΣ ΗΓΕΤΗΣ !!!!!!!!!!!!ΝΑ ΕΙΣΑΙ ΚΑΛΑ ΜΕ ΚΑΝΕΙΣ ΚΑΙ ΓΕΛΑΩ!!!!!!!
δώστε έναν μεταφραστή στον άνθρωπο. τυρρανιεται.
5:00 
ΠΩΣ ΤΟ ΜΙΛΑΣ ΡΕ ΠΑΙΔΙ ΜΟΥ ΤΟ ΑΓΓΛΙΚΟ
Εγώ το βρίσκω χαριτωμένο!!!  Πάντως βελτιώθηκαν πολύ τα αγγλικά του... είναι καλός μαθητής.
I are alexis tsipras with best england skills()
Χαχαχαχαχα λιωνω
Γυρνα πισω ή εστω τηλεφώνα
Μεταξύ μας τώρα, έτσι όπως μιλούσε ο Κλίντον ούτε εγώ θα καταλάβαινα τίποτα.

Κι ούτε έκανε προσπάθεια να  διευκολύνει το συνομιλητή του, γι 'αυτό ο Τσίπρας έπρεπε να του πει ""Μόνικα Λεβίνσκι σπερμ"".
How many Tsipoura did you have Re Tsipra?

The Garagiosis in the Menidi Comedy Central. 
In case he’ll give a German interview, he’ll sound as follows:
Ρε παιδιά να κάνω μια ερώτηση; ωραία δεν ξέρει αγγλικά. Γιατί δεν μιλάει στα ελληνικά; δηλαδή καλύτερα είναι να ξεφτιλιζεσαι και να προσβάλεις και άλλους; αν είναι δυνατόν. Ας είχε ένα μεταφραστή!
2:35 δεν ξερει τι να πει
Καλό καλιστο είναι να μιλάει κανείς ξένες γλώσσες αλλά το καλιστο είναι να σκέπτεται και μάλιστα σκέψεις αγαθές και καλές και ...αυτές μπορούν να μεταβραζονται από μεταφραστές. Στην άκρη της σκέψης θα έπρεπε να ξέρουν αγγλικά γαλλικά γερμανικά  ρωσικά κινέζικα ισπανικά  ινδικά Πορτογαλικά για να συννενουνται με τους ηγέτες των σημαντικών χώρων. Ακόμα η αγγλικά ισχυροποιείται ακόμα και επεκτείνει την αυτοκρατορία της που αναπτύχθηκε τους τελευταίους αιώνες και δεν ξέρω αν πρέπει να είναι το ζητούμενο. Για τον πολιτικό λόγο θα έπρεπε να αρκεστεί στην μητρική του γλώσσα με μεταφραστή για να εκφράσει πλήρως την σκέψη του με τις λεπτές της αποχρώσεις ενώ τα αγγλικά η άλλη ξένη γλώσσα για να έχει την κοινωνική απλή επαφή .. . Σιγά τα αγγλικά που ξέρουν και αυτοί που την σπούδασαν και δεν ξέρουν να δημιουργήσουν ούτε ένα μίγμα δημιουργικής σκέψης . Επαναλαμβάνω σκέψη και όχι έκφραση της  γιατί είναι άλλο το ένα και άλλο το άλλο . Για να το καταλάβουμε και οι μουγγοι έχουν σκέψη αλλά βρίσκουν άλλο τρόπο να τον εκφράσουν. Άρα ας βλέπουμε την ουσία. Για πρόχειρα αστεία και χιουμοριστικά στιγμιότυπα τα δέχομαι απολύτως αλλά δεν θα καθορίσει και την πολιτική σκέψη και επιλογή πόσες ξένες γλώσσες ξέρει κανείς.  Τότε θα απαιτήσω και οι ξένοι ηγέτες να ξέρουν ελληνική αρχαία γραμματεία και γλώσσα γιατί είναι η κορωνίδα των γλωσσών !!!!!!!!!!
Pov: σε λίγες μέρες δίνεις lower 
Κλαίω
Είναι μεγάλη υπόθεση να έχεις μεγαλώσει στην Οξφόρδη.
Παντελώς αμόρφωτος!
1:12 
At least we understand 
Like my english teacher...
Μεγάλος ________ .
 Η συμπληρωσις δική σας!!!!!!!!
Θαυμάστε το καμάρι τις αριστερας 
Τι ντροπη θεε μου ειδικα με τον Κλιντον. Πρεπει να μπει και αυτο που μιλαγε ελληνικα με αγγλικη προφορα

This and if it is

Αυτό και αν είναι 
The Best England, bested.
Accent: 70
Skills:0

χαχαχαχα ασχετος τελοιος
Να είσαι άνθρωπος αυτό έχει σημασία και να λες την αλήθεια αυτό μετράει ας την λες και με χάλια αγγλικά.Τι με νοιάζει το συντακτικό αν μου κοροϊδεύουν;
I is the bestest 
- Alexis Tsipras
the best 6 in worldwide history was the invention of democracy.... hahahahaha
γίδη ήσουν το 91  με τις καταλήψεις γίδη εμεινες.
damm, he is trippin dawg
What is he trying to say?
Oh poor Arahowa
Οι σερβιτόροι στις ταβέρνες μιλάνε καλύτερα αγγλικά,
Και αυτο το απεριγραπτο ον καποιοι το συγκρινουν με τον Κυριακο!!!χαχαχαχααααα
Το παιδί μορφώθηκε μέσα στις καταληψεις ! Πού θέλατε να μάθει αγγλικά ;  Στην Βουλγαρία πού πήγε να πάρει πτυχίο ; ή στα γραφεία του σύριζα , οταν προσπαθούσε να ανεβάσει το 3% σε 24%  ; Το παιδί ηταν φιλοδοξο! Διψούσε μόνο για την εξουσία ! Καμαρωνε πού μετά έγινε πρωθυπουργός ! Ξεχάσατε πού κομπαζε στην Ντόρα Μπακογιάννη , ότι ΑΥΤΌΣ έγινε πρωθυπουργός , ενώ αυτή ΌΧΙ ;;;???
Hahahaha!!
“You have weather for coffee”?
International Fart λεει!!!! χαχχαχααχαχααχαχαχχχααχαχα
Αυτοί μάγκες μας κυβερνάνε
...γελάει ο μωρός ......κι αν τί ...
Ειναι μια προσφορα των Ινστιτουτων Εκμαθησης Αγγλικης Γλωσσης 'Ο Βαμβακουλας' hey look here ...ramata!!!!
Nice England
This saltibag was rulling Greece
Στις καταλήψεις δεν μαθαίνουν γράμματα τσιπροκιο.
Αυτό το πράγμα έγινε πρωθυπουργός χώρας??????????? Tragic.
Τι FARΤ λεει ρε
genuine malakas!
Well μου θυμιζει λιγο τον illeo
Finance οχι fart
Χαχααχα
Ο άνθρωπος δεν καταλαβαίνει την διαφορά μεταξύ Show και so ..αυτό τα λέει όλα..
Ρε μαλακα εγώ καλύτερα μιλάω  way better
I love you!
""directly to the hell""
Ντεμόλις..
K o Simitis etsi milai ta Germanika telia...
hahhahahahah
Ridiculous Maximus
Catch the egg and barber it"
ΡΑΔΙΟ ΑΡΒΥΛΑ - Obama - Τσίπρας (22/11/2016),"Αχαχαχαχαχα! Ίδιος! Όσο θυμάμαι τον Τσίπρα που βαριόοοοτανεεεε...σκάω στα γέλια!
Από τα κορυφαία τους!!!!
Φοβάμαι ότι είναι πολύ κοντά στην πραγματικότητα...
Γελοία ελληνική πραγματικότητα.
Τα εχω δει πολλες
Φορες ειναι ακρως χιουμοριστικα και
Βγαζουν πολυ γελιο και παλαια τους εβλεπα εχουν πολυ ταλεντο και τωρα 
Στον Ορεν εχουν
Hahaha, it is a funny stereotype about Greek people behaviour 
Anyway, Greeks are great people and good friends! 🇬🇷🇬🇷🇬🇷🇷🇸🇷🇸🇷🇸
Mια χαρά τον υποδέχτηκε τον Ομπάμα ο Τσίπρας 

Επίσης θα ήθελα να ανεβάσετε και το ""11"" του Γιάννη του Σερβετά που τον βαθμολόγησε η Σκλεναρίκοβα στην πρωινή εκπομπή και ρίχνατε το γέλιο: https://youtu.be/GSj7B0eVp1o όπως και το αφιέρωμα για τον στρατιώτη που τα έζησε την νύχτα των Ιμίων από το ΤΗΛΕΑΣΤΥ, όπου εκεί έσκασε πολύ στα γέλια ο Κιούσης: 
Το οτι ο Τσιπρας εγινε ψηλοτερος απο τον Ομπαμα...
Ένα απο τα καλύτερα!!!! 
Ετσι! Ο τιποτας εδειξε ποιος ηταν. Ολοι ξερανε εναν τιποτα για αυτο τον ψηφισαν.
Μπράβο, μοιάζουν πολύ με τους κανονικούς!
14/3/21 Ακομα γελαμε !Ανεπαναληπτος Σερβετας!Ολα τα λεφτα!
Χαρά που θα κάνει ο Τσίπρας που είναι πιο ψηλός απ' τον Ομπάμα!!!
Θα κάνω υπουργείο φραπέ χαχα
Χαχαχα ξεκαθαρα ετσι εγινε το meeting
2:06 όλα τα λεφτά αχαχα γνήσιος Έλληναρας
Ντου γιου γουόντ του ρουφ;! 
Τα live ποτέ ξεκινούν;
Ένα backstage επειγόντως...
Τελειο
Θεϊκό     
Χαχαχα.... Ο Σερβετας όλα τα λεφτά ακόμα γελάω.... 2020 do you want a tzour?.. Xaxaxa....
Κοιμήθηκα στον καναπέ χθες πιάστηκα.
Ανεβάστε Βαρουφάκη με Ντάιζεμπλουμ :D
με το μπουρνουζι 
Περιμένω βίντεο με τον mr Greek Bean στην Αμερική που πήγε να πάρει την ομπρέλα από την φρουρά
μου λείπουν τα αγγλικά του Τσίπρα,
Επιτέλους το ανεβασατε
κανακη ιδιος ομπαμα . σε εβαψαν πολυ καλα!!!
Με έκανε να νιώσω άσχημα για τον Ομπάμα
ΚΙ ΟΜΩΣ ΟΤΑΝ Ο ΟΒΑΜΑ ΓΥΡΙΣΕ ΠΙΣΩ ΤΟΥΣ ΕΙΠΕ ΟΤΙ ΤΑ ΕΚΑΝΕ ΟΛΑ ΑΥΤΑ ΓΙΑΤΙ ΕΤΣΙ ΚΑΙ ΑΛΛΙΩΣ ΟΥΤΕ ΑΥΤΑ ΠΟΥ ΕΚΑΝΕ ΣΤΗΝ ΠΡΑΓΜΑΤΙΚΟΤΗΤΑ Ο ΤΣΙΠΡΑΣ ΤΑ ΕΙΧΕ ΞΑΝΑΔΕΙ...ΧΑΧΑΧΑ
Ντου γιου γουοντ του Ρουφ;;;; 
Το ύψος είναι αντίστροφο χαχαχα
Γιάννη αυτό θα πει πρωθυπουργός.
Χαλαρά μωρέ....
'Nice to meet you Michalakis'..
Γιατι ο obama δεν λεει το r και βαζει L?Lets stalt this meeting,serious mattels
Σε ενα βίντεο η κατάντια μας
Τζουρ ρε τζουρ χαχαχα
 Poli gelio to video.

Do you want douz....Do you want a tzour χαχαχαχαχαχαχαχαχαχαχαχαχαχαχαχαχαχαχαχαχαχαχαχα ελιωσα ρεεεεε

Do you want tou rouf 
Θέλουμε boomer's thorwback
Νομίζω ότι πρέπει να γίνει παράνομο να μην δέχεσαι frappe
Do you want to rouf?! 
Αυθεντικός
Δεν νομίζω ότι αυτό αντικατοπτρίζει πλήρως  την κατάσταση στην οποία πράγματι βρισκόταν ο Τσίπρας. Αντιθέτως αισθανόταν μάλλον άβολα για λόγους που αυτός γνωρίζει και εμείς μόνο να υποθέσουμε, μπορούμε.
χαχαχαχαχαχα
ΕΠΕΙΣΌΔΙΑ ΑΜΑΝ ΣΕ 1080 ΝΑ ΜΗΝ ΒΓΟΥΜΕ ΑΠΟ ΤΟ ΣΠΙΤΙ ΟΎΤΕ ΤΟ 21
Και εμέις τον είχαμε προθιπουργο
Nice To meet you Mihalakis..

Ιφ ιτς πάσιμπλ...

Αντώνης Κανάκης, 2016
Κρύα αστεία
ΧΑ ΧΑ ΧΑ ΧΑ ΧΑ ΧΑ 
Tsixlas pasis Elladas !
Αυτα. Νατκανετ ε. Καλοκαίρι πουζεστενομαστε. Για δράσια
kardeşimiz Alexis Tsipras
Χ;χαααχαχαχαχα
Δεν παίζεται ο φραπεδομάγκας
και ο Ερτογάν   Do you like Tamam
Ελληναρας
Xaxaxax frape energy drink
Προικισμένος ο Γιάννης ️
What great shame ist!!??
Ουτε κι έτσι
Μητσουακηεκλογε;τόρα
I dont want a jour
Do you want a tzour
SOYROTIRI
"
Τα τέλεια αγγλικά του Mr Tsipras 😂,"Tsipras is like some university students I knew. Went to school ten years and still had not got a degree. They were more interested in socialising and politicking than graduating.
Γελάω τρελά με την αντίδραση του Κλίντον!
Που να μάθει αγγλικά, αφού μια ζωή καταλήψεις έκανε.
Μα τί ωραία, τί ωραία  Τουλάχιστον μας κάνετε να γελάμε!
I see you speak England very best
ΦΑΔΕΡΜΟ!
Τα αγγλικά δεν κάνουν τον ηγέτη. Χαρακτηριστικά παραδειγματα: η Μέρκελ, οι Γάλλοι πρόεδροι, ο Ερντογάν και πολλοί άλλοι που βαριέμαι να ψάξω. Γι'αυτό έχουν τους διερμηνείς τους έτσι κι αλλιώς. Αυτό που εντυπωσιαζομαστε όταν ο πρωθυπουργός μας ξέρει άπταιστα αγγλικά, πότε δεν το κατάλαβα
Mr Tsipras speaks England very best
Υπάρχει η προφορά Cambridge και η Τσιπριγκαν!!
      
Ποπο ρε τι προφορά είναι αυτή 
Aμα την ώρα των Αγγλικών οργανώνεις αποχή αυτά παθαίνεις
Εν το μεταξυ 1 γνωστη μου πηγε για σερβιτορα και της ειπαν δεν ξερεις αγγλικα αρα δεν μπορουμε να σε δεχτουμε
Ολη η ελλαδα σε ενα βιντεο
Οι αγγλικοι στα σχολεία
ΤΟ ΕΝΑ Π........ ΚΟΙΤΑΕΙ ΤΟ ΑΛΛΟ!!!!!! ΑΛΛΑ ΑΣ ΜΗΝ ΤΟΝ ΑΔΙΚΟΥΜΕ ΤΟ GO HOME ΤΟ ΛΕΕΙ ΚΑΛΑ!!!!!! ΤΟΣΟ ΚΑΛΑ ΠΟΥ ΤΟ ΕΛΕΓΕ ΓΙΑ ΤΟΝ ΕΑΥΤΟΝ ΤΟΥ!!!!!!!! ΠΗΓΕ ΣΠΙΤΙ ΤΟΥ ΓΙΑ ΤΑ ΚΑΛΑ!!!!!!!! ΜΕ ΦΟΡΑ ΠΟΥ ΕΛΕΓΕ ΚΑΙ Η ΠΟΠΑΡΑ!!!!
Το πιο γελοίο είναι ότι προσπαθεί να τα πει και με προφορά. Και για να καλύψει την τύφλα του, παριστάνει ότι προσπαθεί να αποδώσει με ακρίβεια αυτά που ούτε κι ο ίδιος καταλαβαίνει ότι ξεστομίζει!!!
Σωθήκαμε
που να κρυφτώ, ντρέπομαι!!!!
γκοου μπάκ κυρία Μέρκελ
αυτος κυβερνα τν χωρα
Εμένα δε με ενδιαφέρει να μιλάει τέλεια τα.αγγλικα αλλά να μιλάει σωστά την ελληνική γλώσσα και σ; αυτό ήταν τέλειος!!
Ο μα γκαντ 
Τι σκεφτοταν οταν βγηκε στο γυαλι, Μπροστα στον Κλιντον..??????
Τσίπρας κουντεντ
Πάρτε εδώ τύπο που εκπροσωπεί την Ελλάδα
Τον έμαθε η άλλη με τα αγγλικά
Αααααααααα.....ιφ γιου γουοντ το φακ φορ φανυ φακ γιορ σελφ εντ κηπ γιορ μανεη!
Ευκολο ρε!
Αυτο μαθε να λες και θα ενυπωσιασεις!

ντιρεκλυ του δε χέλ. Αυτά είναι!
του δε χελ ΑΑΧΑΧΧΑΑΧΑΧΑΧΑΑΣΧΧΑΧΧΑΑΑΧΧΑΧΑΧΑΧΑΧΑΧΑΧΑΧΑΧΑΧΑΧΑΧΑΧΑΑΑ
Κάνουμε καινούρια συκώτια με τον γελοίο χιμπατζή!!
Η πλειοψηφία των Ελλήνων τέτοια Ελληνική προφορά έχει, το παράξενο και το ύποπτο θα ήταν να είχε άλλη προφορά...
Σε αυτό το τραϊ στην αρχή έπρεπε να βάλεις r όχι ρ
Αυτό το καθίκι από 25/01/2015 μέχρι 28/08/2015 κι από 20/09/2015 μέχρι 07/07/2019 ήταν πρωθυπουργός της Ελλάδας!!!
Και τολμάει να συγκρίνει τον εαυτό του με τον Μητσοτάκη...
Respect Για prodigy...
Κυβέρνησε και αυτός..
Εμένα δεν με νοιάζει αν μιλάει καλά τ αγγλικά... εκεί που χάνει είναι που πάει να πάρει προφορά.. εξάλλου ποιός είπε ότι πρέπει να μιλάμε αγγλικά?
Lol 
Καλητερα να μην ξερει παρα να κλεβει
σαν τη μανα μ όταν μιλάει στο τηλέφωνο με ξένο πελατη
πως δεν ντρεπονται αλλα για τι πρωτα
Αμορφωτοι μιλαει τελεια Αγγλικα και αναφερεται στις προσφατες μεταγγραφες του Παναθηναικου. Εγω αυτο καταλαβα!
Ημαρτων Παναγία μου
Δε στραγκλ ις ριαλ!
  
ti malakas ειναι αυτος ρε που βγαλατε ρε ,ντρεπομαστε να γυρισουμε πισω
To the hell and beyond....
Κ να βαράει το out of space
Pink panther I wound like to buy a hamburger!
o prodoteis milaei anglika xa xax aaaaxaxaaxaa
ρε πως λεγεται η μουσικη που παιζει ;
Φάτε κουλη με αγγλικά.  Που δεν μπορώ να πάρω ένα σουβλάκι.
Ιν αρντερ ..
αι αμ ιμπρεσντ
FATHER MOE
Φαγαν τη γρια Ντουντου
Nai ton loustikame prothipourgo....k thelei na mas xanakivernisi!!!!! Help!!!!!
ιν αρντερ
fuck yeah
Και αυτό το σουργελο κάποιοι τον ψηφίζουν... Αλλά αυτοί είμαστε...
poio tragoudi xrisimopihte se auto to tragoydi
Cringe
Σας πονά η ευγλωττία του πνευματικού μας ηγέτη στα ελληνικά και η ρητορική του δεινότητα που προσπαθείτε να τον μειώσετε με τα σαφώς ελλιπή αγγλικά του.....
O tsipras einai polu eksipnos
Ντουγιουλαί γκρις ?
LE CHARLATAN NTAOULTZIS,,,,,,,,,
του δε χελ ΑΑΧΑΧΧΑΑΧΑΧΑΧΑΑΣΧΧΑΧΧΑΑΑΧΧΑΧΑΧΑΧΑΧΑΧΑΧΑΧΑΧΑΧΑΧΑΧΑΧΑΑΑ"
Τα ελληνικά με αγγλική προφορά του Τσίπρα στον Ομπάμα | Luben TV,"3 χρονια μετα και ακομα ανατριχιαζω ολοκληρος οταν τον ακουω απτο cringe
Ο Αλέκος την πρόταση piece of cake είναι ικανός να την μεταφράσει ως το κέικ της ειρήνης.
Έτσι  μιλούσε στις παλιές Ελληνικες ταινίες συνήθως ένας θείος που έρχονταν απ την Αμερική και μας έφερνε τα ντολλαρς
Θέλω να το κάνει και με γαλλική προφορά! 
Αλέξης Τσίπρας. Ο πρώτος ""Έλληνας"" που μίλησε greeklish.
OMG!! ΑΠΛΆ ΘΕΙΚΟ
κωμικη προφορα ντρεπομαι
εισαι χαμαιλεοντας αγορι μου, εισαι διπλωματης, προσαρμοζεσαι στο στυλ του συνομιλητη.
Όσο προχωρούσε η ώρα τόσο πιο αμερικανική γινόταν η προφορά του..λογικά αν καθόταν λίγο ακόμα θα άρχιζε σιγά σιγά να σκουραινει και το χρώμα του Τσίπρα
obama:hello
tsipras: hello 
obama:MrTsipras?
tsipras :the same
Όποτε είμαι στεναχωρημένος βάζω αυτό και μου φτιάχνει το κέφι
Μάθε πρώτα τα σωστά ελληνικά και μετά πάμε για τα αγγλικά εντάξει παλικάρι μου; 
Μου θες και προφορά
>Οταν θες να γραψεις ελληνικα και ξεχνας να πατησεις shift+alt
Δεν του έφτασε όλο τα αγγλικό λεξιλόγιο και είπε να χρησιμοποιήσει και λίγες από το Ελληνικό
Ξεκουρδίστηκε... Δεν εξηγείται αλλιώς!
Χχαχαχαχα.Πολυ γελιο!!!!  Ενταξει ουτε εγω τον παω αλλα ηταν χαριτωμενο ολο αυτο οφειλουμε να παραδεχτουμε. Πρεπει να ειναι κανεις πολυ κομπλεξικος ή να εχει μικροπολιτικες εμπαθεις και σκοπιμοτητες για να χλευασει κατι τετοιο.
Κλαιω με το Ντοναλτ Τραμπ!!!χαχαχαχα
Θέλω να κλάψω
Έχω πεθάνει στο γελιο
Τα αγγλικα ονοματα και φρασεις να τα καταλαβω αλλα με τα υπολοιπα ελιωσα xD
Πωωπω καμμένο χαρτί..τελειωμένη υπόθεση, μητρική πλακέτα τέλος
έχεις πλακα ρε Αλεξάκη
Για γέλια και για κλάμματα είμαστε. Πραγματικά ανησυχώ για τους συμπολίτες μου.
Μάλλον είχε πάρει ηρεμιστικά Xanax και τετοια και είχε δυσαρθρια γι'αυτό χασμουριοταν κιολας σε άλλη στιγμή και είχε χυθεί στην πολυθρόνα με το βλέμμα στο υπερπέραν.
Πολύ κράιμα ρε Τσίπρα να κχαραμίζεσαι εντώ
Ορισμός της γελοιότητας!
Χαχαχαχ κλαιωωω μας τρολαρεεε

Otan eipe vrikselles me profora dialithika
Στο μεταξύ στο τέλος ξεκάθαρα το πάει για bro αγκαλιά και μαζεύεται όταν κόβει ότι ο Ομπάμα δεν ψήνεται.
Παλι καλα που δεν είπε Ντόναλντ ντακ
Σκίζω τα πτυχία μου τέλος
Ναι ρε μλκα το προσεξα κι εγω. χαχαχα
Ελληνικά με αμερικανική προφορά και αγγλικά με ελληνική προφορά…οκ αχαχαχ
ρε φίλε ο Τσίπρας δεν ξέρει που παν τα 4   να πούμε
Απλα θεούλης
0:24 κουμπωσε
Για αυτό δεν πάει  ταξίδι 2-3 εβδομάδων στην Αμερική. Για να μην ξεχάσει τελείως τα ελληνικά

Το άτομο είναι αρκετά επικίνδυνο....
ΤΣΙΠΡΑ ΘΕΛΩ ΤΑ ΝΑΡΚΩΤΙΚΑ ΣΟΥ
ποιο γελοίος και απο το γελοίο..

Πόσα χάπια παίρνεις ρε Αλέξη ;
Obama:hey tsipras well said give me  five bro...
Μίκης Θεοδωράκης σε τσίπρα: ""Ο αριστερόστροφος φασισμός είναι ο χειρότερος φασισμός"". 



Αλέκος Αλαβάνος: ""Ο τσίπρας πρέπει να καθίσει στο εδώλιο για εσχάτη προδοσία κατά της Ελλάδος"". 
ΧΑΧΑΑΧΧΑΧΑΧΑΧΑΧΑΧΑ
λιγο self consciousness θα του εκανε καλο!

Πω, τί θυμηθήκαμε παλι! Ο τύπος κάτι είχε πάθει, σίγουρα!
ΚΑΡΑΓΚΙΟΖΗΣ ΧΑΧΑΧΑ
hahahahah e re tsipra....poli gelio o gelios
Δεξιοί τσουτσεδες edit έχει κάνει ο γαύρος ο Κιούσης
Ο πρωθυπουργός χάλασε :(
Haha theos
Έτσι μίλαγε κ εδώ αλλά που να παρετε χαμπαρι
χαχαχαχχαχαχαχχ
Προθηπουργάρα  οχι αστεία πράματα!
χαχαχαχαχαχαχαχαχαχα
Αμερικανοποιήθηκε.
HAHAHAHA
χαχαχαχαχαχ
Ελα ρε αμερικάννννε
Αλλαξουνε πολλαν πραγκματα,ντοναλ τραμπ
Αχαχαχαχααχαχα
Χα χα χα!
hahahah
whether with the whether θα μάθεις να μιλάς better...
κανα LSD θα ήπιε..
ALLO LEVEL O TYPOS
...κατάντια...
Proεκλογικα
how much malakes we were for making you prime minister
Ο μπούφος.
Malakia goes Cloud...
σοβαρά ή κοροϊδεύει;
Προδότη Τσίπρα 
Εύχομαι να πληρώσεις μια μέρα για τα κακά που έφερες στην πατρίδα μου

Aaxaxxaxa. Σκετσάκι των Αμαν
Αυτός ο άνθρωπος μας κυβέρνησε 5,5 χρόνια . Τί έγινε ; Δεν σας ακούω να γελάτε τώρα ."
Αγγλικά Τσίπρα εντός κειμένου vs εκτός κειμένου,"Είπε τις πυρηνικές πηγές αντί για ανανεώσιμες και ο άλλος από δίπλα τον κάνει νόημα ""ε, κοντά έπεσες"" Χαχαχαχαχα 01:50
Μπράβο παιδία όσοι τον ψηφίσατε που δεν μπορεί ούτε μια λέξη να πει απο μόνος του.
Εγώ όταν βλέπω αυτό βίντεο δε γελάω. Αντιλαμβανόμαστε ότι υπήρξε πρωθυπουργός που διαπραγμευτηκε τη ζωή μας για εκατό χρόνια και δεν ήξερε λέξη αγγλικά .
Είναι απολαυστικό. Ειδικά το disease είναι κάτι το ανήκουστο. Δεν μου έχει τύχει ποτέ να ακούσω ηχητικά τέτοια αποτύπωση σε όμοια λέξη από κανένα ομιλητή από οποιοδήποτε λαό στον κόσμο.
Απορω πως δεν τους έπιασε νευρικό γέλιο τους ανθρώπους με τα αγγλικά του Αλέξη..!!!
Μια ώρα να το ακούω αυτό υπογράφω τα πάντα
Ικανότατος να ηγηθεί ενός κοπαδιού μονοκυτταρων ....μέχρι εκεί...
Μὲ τὶς καταλήψεις  στὸ φροντιστήριο  ἀγγλικῶν  τὸ  μόνο  ποὺ ἔμαθε καλὰ  εἶναι τὸ εὐχαριστῶ  πολὺ  στὸ  τέλος τοῦ βίντεο.
Το μεγαλύτερο βασανιστήριο της ζωής μου που κατάφερα να δω όλο αυτό που είδα μόλις τώρα σ'αυτό το βίντεο.
Νιωθω τοσο αμήχανα που αυτος ο άνθρωπος υπήρξε Πρωθυπουργός της Χωρας
καλα, σιγουρα του τα εχουν γραψει με ελληνικους χαρακτηρες τα αγγλικα. τι να λεμε. αφθονο γελιο
Απλά... ΑΞΙΟΘΡΗΝΗΤΟΣ
Γεννημένος Εγγλέζος ρήτορας
Να ερωτηθεί πως πήρε το πτυχίο στο πανεπιστήμιο, γιατί ακούγονται διάφορα.
Κάποτε είπε ο μηχανικός  κάτι για 360 μοίρες στροφή, δηλαδή πλήρη, αυτός μας κυβέρνησε. Καλά να πάθουμε.
Aaaaa ,eeeee aaaa,eeemmm....
And the oscar goes to Ale6 of ΣΥΡΙΖΑ....
Αυτά παθαίνει κανείς όταν βλέπει το σχολείο μόνο απ' έξω. Οπότε προτείνω να δείχνουμε αυτό το βίντεο στα παιδιά μας για να μην κάνουν κοπάνα από το σχολείο!!!
Ρήτορας μεγάλος!!! Θενκ γου βερι ματς !!!
ΤΟ ΕΠΟΜΕΝΟ DEBATE ΤΟΥ ΜΗΤΣΟΤΑΚΗ ΜΕ ΤΟΝ ΤΣΙΠΡΑ ΝΑ ΓΙΝΕΙ ΣΤΑ ΑΓΓΛΙΚΑ...ΧΑΧΑΧΑ
Επειδη ο λαζοπουλος ταυτιζεται τελεια θα ηταν οτι πρεπει να τον εχει στο τσαντιρι
... Υπέροχος....!!!!!!!!!
Νομίζω πως ο εγκέφαλός μου διέγραψε τα Αγγλικά που ήξερε. Κάνα φροντιστήριο αλα   ""δεν πληρώνω "" ξέρετε?
το τρομακτικοτερο δεν ειναι οτι μιλαει σαν junior class student ειναι οτι το αντιλαμβανεται με τετοια αφελεια και ελαφροτητα το ολο θεμα, που παει και βγαζει λογους λες και μεγαλωσε στην Αστορια.
Ενας σοβαρος πολιτικος που δεν ξερει αγγλικα απλα θα χε διερμηνεα.
Την μοναδική λέξει που λέει σωστά είναι το ααααααα
Πρέπει να τον βάλουν στις προφορικές για proficiency για εξεταστή μπάς και το πάρουμε κάποτε !!!
Αυτό το παραμύθι κυβέρνησε την Ελλάδα 
""Δε στόρυ χαζ ντράγκονς""
Από το ζόρι σταυρωνει τα χέρια. 
""We have eaten the camel and now there is the queue"" -Αλ6ς
""Catch the egg and barber it""
Aleksis Tsipras.
Alexis you butchered the whole language
Η ντροπή στην όλη υπόθεση είναι ότι αυτό το πράγμα διετέλεσε πρωθυπουργός,
απολαμβάνει όλες τα καλά ενός πρώην πρωθυπουργού,
και μία μέρα θα λάβει σύνταξη πρωθυπουργού.
Τελειώνοντας να πω ότι κάποιοι τον ψηφίζουν για να τους αλλάξει προς το καλύτερο τις ζωές τους.
Και αυτός αντιπροσωπεύει ένα Κράτος ;;;; !!!! Η μήπως αντιπροσωπεύει -  Οχλο ;;;;
Δεν πρεπει να περναει τα συνορα το παλτο,στο Κιλκις πρεπει να σταματαει......
Δεν είπε ούτε μια λέξη ολόκληρη...έστω μία...!!!!
Αγγλικά Τσίπρα εκτός κειμένου: ''Sorry, i am malakas''
«Δε στορι χεντ ντραγκον»

Αφήνω αυτό εδώ. Rip IQ
Αριστερος και αμορφωτος.Οτι χειροτερο.Και κυβερνησε ο κοπρος.
Άπταιστα Αγγλικά, μπράβο, θα σε ζηλεύουν ακόμα και οι Άγγλοι.
Αγγλικά αραβικά πρώτη φορά ακούω!
Αμόρφωτος όσο λίγοι.
Ο άλλος είταν σε εξορία και έμαθε καλά τα αγγλικά... 
ΑΧΑΧΑΑΧΑΧΑ ΧΑΧΑΧΑΧΑΧΑΑΑΑΑΑ
ΔΕΝ ΥΠΑΡΧΕΙ ΑΥΤΟΣ ΡΕΕΕΕ
ΗΤΑΝ ΠΡΩΘΥΠΟΥΡΓΌΣ ΑΥΤΟΣ;;; ΜΗΠΩΣ ΕΧΟΥΜΕ ΟΜΑΔΙΚΕΣ ΠΑΡΑΙΣΘΉΣΕΙΣ;;;
Ευτυχώς δεν είχα το όπλο δίπλα μου !!!!!!  Γεια σου ωρε Άντρα Τσίπρα !!!!!!!!
Δεν αντέχεται, να το δει κάποιος όλο το βίντεο!! Θλιβομαι και αγχώνομαι. Ειδικά αυτό με τον Κλίντον στην Αμερική, μεγάλο ρεζιλίκι!! Δεν είναι κακό να μην ξέρεις αγγλικά (που στην εποχή μας, είναι), κακό είναι να νομίζεις ότι ξέρεις και να μην παίρνεις διερμηνέα!!
Υπότιτλοι για να καταλάβουμε τί είπε?
The story has no dragon 
Πιο γραφικός κι απ' τις Πρέσπες.
Μετά από  ΤΙΤΑΝΙΚΗ προσπάθεια, το αποτέλεσμα ! κα , τα, πλη , κτι,  κό  .  .
Χαχαχαχα 
Για την εκπομπη της Ανιττας κανει,να τον βαλει να μιλησει Αγγλικα με τον Βας Βας.
Τsipras talks the England toung much beautiful!
Διπλωματούχος του ΕΜΠ.
Σπουδές Πτυχίο Τμήματος Πολιτικών Μηχανικών ΕΜΠ Μεταπτυχιακό Δίπλωμα στη Χωροταξία - Πολεοδομία ΕΜΠ
Old School Oldies - Oldies But Goodies - Greatest Hits Golden Oldies
https://www.youtube.com/watch?v=JeJnB4LgMR0&feature=youtu.be
το γκάρισμα.....""ααααααα"" καλά το κάνει πάντως...τα άλλα σε τι γλωσσά είναι? Μόνο το ""στορυ χας ντραγκον"" κατάλαβα

Δεν ξέρει ελληνικά, αγγλικά θα ξέρει;
Ο ΖΗΚΟΣ ΠΙΟ ΚΑΛΑ ΤΑ ΜΙΛΑΓΕ !!!
Πάνε γράψου στον Στρατηγάκη
We have to focus in nuclear και ακουμπάει τον διπλανό του! Την  Α junior μου θύμισε
Αναρωτιέμαι γιατι συσχετίζεται τα αγγλικα που προφανώς δεν τα κατέχει με την ανικανότητα του συγκεκριμένου ανθρωπου παρα πολυ κακός τρόπος για να αντιπαρατεθεις απέναντι του
Γελοιογραφίες ΣΥΡΙΖΑ....... Μικρού Μήκους .......θα λάβουν μέρος στο διαγωνισμό Πόσο Γελοίος Μπορώ Να Γίνω Ακόμα
Οταν πήγαινες κατάληψη αντί για φροντιστήριο..
Σκέτη Ακαδημία ο Πινόκιο!
Ομάδα αλήθειας πρέπει να είσαι πολύ περηφανος για τα σχόλια από κάτω 
#μπεε 
100 μνημόνια και λίγα μας είναι
Παρα πολλοί άνθρωποι δυσκολεύονται να συλλάβουν μια ξένη γλώσσα. Δεν φταίνε οι ίδιοι για αυτό αλλά η λειτουργία του εγκεφάλου τους.
FIRST OF ALL WE LEARN GREEK LANGUAGE ALEKSIS!!!!
Εντάξει είναι epic!!!!hahahahhahaha
Φημες λενε οτι βλεπει πολλες ξενες ταινιες με υπότιτλους σε slow motion οποτε καλα τα παει
""i said also in my spit"" 
Μπορεί τα αγγλικά να μη τα είπε καλά αλλά το α α μια χαρά το είπε
Πολύ ααααα ρε μάστορα
Μεχρι και οι Συνταγματαρχες καλυτερα Αγγλικα ηξεραν απο τον Αμορφωτο Καταληψια!
Αναγνώρισε την αξία της μόρφωσης αλλά πολύ αργά για αυτόν ή όπως λέει ο σοφός λαός κάθε πράγμα στον καιρό του.Η ημιμαθεια χειρότερη τής αμάθειας.
Πωωωωωω!!!!!!! Πωωωωωω!!!Αφού τον ζαλίζει , τι το κάνει;;;;;
Απαιτούμε μετάφραση χααα
ego speak the queen's English aytoleksi exactly as teach by queen-varoufakis
You are jelaous! Alexis spoke Englang more bester than Kyriakos!
2:47 Νομιζω πως χειροκροτουν που τελειωσε και οχι για αυτα που ειπε...
Δυνατος!
Alexis you will run and you will never reach με τετοια αγγλικα"
"Ισχυρισμός Λονδίνου: ""Οι Έλληνες αθέτησαν την υπόσχεση τους για θέμα των γλυπτών""",
Δελτίο Καιρού με τον Σάκη Αρναούτογλου | 28/11/2023 | ΕΡΤ,
"Ο Τσίπρας ""τσεκάρει"" την Νοτοπούλου | Luben TV","""Θαυμάζουμε μία γυναίκα και ως γυναίκα και ως άνθρωπο""
Έχω κλάψει αχαχαχαχαχαχα
Ο Καλύτερος είναι όμως ο Άδωνις όπως πάντα στο τέλος 
Τον κάψατε τον άνθρωπο! Θα το δει η Περιστέρα και θα πέσει παντόφλα το βραδυ σπίτι!
LUBEN σε ικετεύω θέλω βίντεο με Παπακώστα έλα ρε φιλεεεεεεεεε,κλαιωωωωωω χαχα
Ώρα να πάρει θέση ο Χίος γιαυτό.
Ωραιες εποχες
Ησουν και θα είσαι ο πρωθυπουργός!!!!!
Το είδα στο Τουιτερ και έκλαψα 
Ολοι μιλατε για την Κατερινα αλλα κανεις δε μιλαει για την αδερφη της..Μαγκες την ειχα συμφοιτητρια στον πανεπιστημιο..αλλο κοριτσι το Μαρακι!
Μερακλής.
Αυτα μας αξιζουν...
Νομίζω κοιτάει κάπου μεταξύ κάμερας κ υπερπέραν.
Πιο πολυ την λιγουρευονται οι δημοσιογραφοι
Πόσο καρφώνεται θεέ μου!!!!
Η απόδειξη οτι αμα σας ταξουμε κατι για να μας κάτσετε εσείς θα είστε πάντα βράχος
Κλαίω 
Έχει ένα δίκιο εδώ που τα λέμε..
Αλεξη προσεξε μην αγριεψει η περιστερα  και γινει γερακινα
Ωραιότατη η κοπέλα, καλά έκανε.
Παντως ο αλεξης εχει καλυτερο γουστο στις γυναικες απο τον ερωτυλο τον μακαριτη τον ανδρεα
χαχαχαχαχαχαχαχαχαχαχαχ κλαιωωω

Ούτε καν!!!! Κοιτάει σε τελείως διαφορετική γωνία!!!!
Χάχα μόλις είδα το όνομα του καναλιού 
Που είναι τα μάτια του Κυριάκου να την φάνε?
Το ΕΜΠ 1 βαρέθηκε να δείχνει την ορκωμοσία και έβαλε κανονικό πρόγραμμα!
Με την αξία της
Αλεξάκη έτσι  σε  θέλω  κι όχι αδερφή που είναι στο Μαξίμου γεμάτο αδερφές,ωραίος μαγκακος
Αλεξη προσεξε μην γινουμε φασιστες απο αντιδραση και σου ξηγησουμε τον ονειροκριτη
Αχτσιόγλου καλύτερη waifu
εμπενα!!!!!χχαχαχαχχα
Αλέξη δε σου έφτασαν 10 μύρια Έλληνες? Ώπα ρε φίλε θα ρεψεις... χαλάρωσε
Καλό ανα σκισματισμο να έχουμε...
Έλα Αλέκο παίξε μπάλα
Αυτά μας έμειναν
Oλοι θα τσεκάραμε..εστω ενα τσάκ
Αν συνεχιζε το βιντεο, θα εβλεπες το ματι να κατεβαινει προς τα κατω, αυτο εκτος απο σεξιστικο ειναι και θλιβερο!.
Η περιστερα τα ξέρει αυτά
Δον ζουαν τσιπρας
Τα λιγουρευεστεεεεεεε
Την έφτιαξε...
αρπακτικοοοοο
Μλκ ξερναω με αυτά που λένε
τσιπρας: ΕΜΠ1
Η ποιοτητα κ ο πολιτισμος περισσευει απο τους συμπολιτες μου... Ο σεξισμος κ το κακογουστο χιουμορ χερι χερι με τις ακροδεξιες υστεριες
Περιστέρα δεν είναι αυτό που νομίζεις
HAHAHAAH
Του φτιάχνετε το προφίλ του μουρντάρη και του γλετζέ? Έρχονται εκλογές?
Πού είσαι Γιωργα Παπαδόπουλε...999
Μουσική για τσιγγάνους
ok,γινεται αντρας σιγα σιγα.
Η δεύτερη κυρία της χώρας τότε 
Ορκομοσια των μπορδελιαριδων
Όλη η Θεσσαλονίκη ξέρει....
Δύο προφυλακτικά το ένα χρησιμοποιειμενο
Κύριος !
XAXAXAXAXAXA
New Partouza's Minister
Χαχαχαχαχχααχχαχαχαχαχαχαχαχαχαψαψαψαψαψαχαχααχαχαχαχαψαφαγαγαηαξαφαξαφαξαταταταταα
Mrbean face
Οπ ο γύπας
0:18 0:25
axaxaxxa
Ρε εχετε ακούσει τι λέει;"
Τσίπρας Αγγλικά | Luben TV,"Ποιότητα
Μετά από αυτό το βίντεο δεν ντρέπομαι να μιλάω αγγελικά 
Σαν εμένα στο speaking του lower...
Κύλισε ο dangeris και βρήκε το καπάκι
Όταν σκέφτεσαι στα αγγλικά vs πως είναι όταν πας να μιλήσεις σε άλλους
Κάτι για δεξί εξτρέμ είπε το παλικάρι.
Να ξέρατε και τι μου έχετε κάνει… με το που πάω να μιλήσω Αγγλικά, και ειδικά όταν «πιάνω» προφορά,  μου έρχεται ο Τσίπρας  στο μυαλό! Αντε μίλα μετά…
Θα ξεχάσω κι αυτά που ξέρω ...Τσίπρα&_# πες το μεταφραστή που σου γράφει τους λόγους να τους διαβάζει αυτός !
He lies well in any language...
Δεν χρειαζεται καν edit ειναι ετοιμο υλικο
Αυτός και ο Πανταζής !!! Μπρεθλες !!!
Κλαίω 
Μια ζωή κατάληψη έκανε το στουρναρη πώς να μάθει τα Αγγλικά?
Η φάση που λεει Mr president και γύρισε κατευθείαν 0:00
ΜΕ ΚΆΝΕΙΣ ΚΑΙ ΓΕΛΆΩ ΡΕ ΠΑΙΔΊ ΜΟΥ
Me spoke more gooder England than Tsipras!
""χούμαν"" χαχαχαχα
Very good English he speak England very best
Σωθήκαμε απ τους γελοίους
Αυτό σημαίνει ότι οποιοσδήποτε μπορεί να γίνει πρωθυπουργός στην Ελλάδα  .
Για τσίπουρα στο χωριό μια χαρά είναι!!!
Προσέξτε τον Κατρούγκαλο.
Αν δεν ήταν ο ΠΘ μας θα μπορούσε να είναι γελωτοποιός
I speak England very best
Ασε....θα....ξεχασουμε και αυτα που ξερουμε....καλητερα πινε ...νερο?????μονο αυτο ξερεις???????
ΑΛΕ6    ΣΕ  ΒΛΕΠΩ  ΓΙΑ  ΟΞΦΟΡΔΗ   ΚΑΙ   ΣΥΝΤΟΜΑ
Έλα Λόλα να ένα μήλο....
Most Cringe  Video after obama visit tsipra
Ο πατέρας σου πλήρωνε  φροντιστήριο να μάθεις. Άδικα λεφτά έδωσε.
Ααααααααααααα.... (σκέφτεται ο διανοούμενος) Μου θυμιζει σερβιτορο σε ταβερνα σε τουριστικά θέρετρα...
Günther Oettinger - English 
Κ ΕΜΕΙΣ ΤΣΙΓΓΑΝ Κ ΡΟΜΑ ΜΑΖΙ ΑΛΕΞΗ ΜΠΡΟΣΤΑ ΚΕΡΔΙΖΙ
I believe that he is adipolitik
Ε ντάξ εμένα δεν μου φαίνεται και τόσο κακός, μια χαρά τα είπε
Ναι ενώ όλοι οι άλλοι έχουν επίδομα Harvard τουλάχιστον αυτός δεν έκανε μαθήματα με δασκάλους από 5 χρόνων λολ
Ο Αμερικάνος με το ϊΦων 2:00
Extreme right 
Εμένα με ανησύχησε εκεί που λέει  I'm skeptical.  Τι θα γινόταν εάν ήταν askeptical?
οκ δεν ξέρει Αγγλικά, η αλήθεια είναι ότι από το 90% που τον κράζει , τα ίδια μιλάνε και οι ιδιοι αν όχι χειρότερα Ελληνάρες μου.
nice english LOL
τεηκ δε μπουλο εντ νεβερ καμ μπακ
αυτός εδωσε πανελλήνιες , πέρασε στο πολυτεχνειο και πήρε πτυχίο πολιτικου μηχανικού απο το ΕΜΠ??????
Χαχαχαχαχα ρε αυτός τα έμαθε καλύτερα από  μένα τουλάχιστον στη προφορά στην γραφή δεν ξέρω αλλά ξέχασα τα γαλλικά ππυ τα ήξερα άπταισθα μα τι γίνεται με την αγγλική και γαλλική θα σάς το εξηγήσω τα φροντιστήρια κάνουν εξοχη δουλειά τα αγγλικά τα έμαθα στο δημοτικό σε φροντιστήριο αντε και μία χρονιά στο γυμνάσιο τα γαλλικά γυμνάσιο και λύκειο και 2 χρονιά
Τόσα χρόνια νόμιζα πως ψηφίσουμε πολιτικός για μας τους Έλληνες, για να μας καλυτερέψουν τη ζωή και όχι για το πόσες ξένες γλώσσες μιλάνε και αν τα μιλάνε καλά 
Και μετα αυτος ο ανθρωπος θελει να κυβερνησει
  
Σάικο κιλλερ καις-κεσε
Cringe Defined
Να σας κοιτάνε όπως ο Κατρούγκαλος τον Τσπίπρα 2:07
I believe I believe I believe
χι σπεακς ενγλισχ γουερι γουελ γκουντ ντζομπ τσιπρας γιου γουιλ σειβ ας
Δε εξτριμ ράιτ....ααααεεααα...εξτρεμιστς
Πολιτικοί αρχηγοί από άλλες χώρες μιλάνε πολύ χειρότερα. Σε γενικές γραμμές μιλάει αρκετά καλά αγγλικά, ειδικά και αν σκεφτεί κανείς ότι τα έμαθε τα τελευταία χρόνια ...
Μια χαρά μιλάει αγγλικά ο Τσίπρας κι εγώ έτσι τα μιλάω! Κοροϊδεύουν τον Τσίπρα ότι δε μιλάει καλά αγγλικά κι ότι δε μπορούσε να κυβερνήσει σωστά τη χώρα είδαμε και τους άλλους που ξέρουν φοβερά αγγλικά τι κάνανε στη χώρα που της ήπιανε το αίμα!
νεο liberal
Καλουλης ητανε και γλυκουλης.
ΟΥΑΑΑΑΑΑΑΑΑΑΑΑΑΑΑΑΑΑΑΑΑΑΑΑΤΤΤΤΤΤΤΤΤΤΤΤΤΤΤΤΤΤΤΤΤΤΤΤΤΤΤΤ
Αμερικανιστης
μιλαμε γαι δηλώσεις σοβαρές..................
αχαααχααααααααααααα
εεεεεε   αααααααααααααααααα  με έμφαση
ntou giou spik ingklis naoume?
Καλά τα πήγε.Χωρίς παρεξήγηση!
XAXAXAAXAXXA
Ποιος ήταν ο καθηγητής σου στα αγγλικά αγόρι μου ?
Καταλάβατε κύριοι? Say yes
βερυ ντειντζερις
Prodoti tsipra
Μια χαρά τα είπε.Προφανως δεν έχει καμία τρομερή προφορά αλλά η ουσία είναι να συνεννοείσαι
Ι ΣΠΙΚ ΙΓΚΛΑΝΤ ΒΕΡΙ ΜΠΕΣΤ
Tsipra Tsipra try more
Ω να σου
Δεν καταλαβαίνω γιατί πρέπει να μιλά αγγλικά. Δεν καταλαβαίνω γιατί είναι αστείο το ότι μιλάει όχι τόσο καλά ελληνικά. Είναι Έλληνας καί μιλά πολύ καλά ελληνικά. Τα αγγλικά του είναι άριστα πάντως
Exagoume politismo
Κράζετε αλλα πανω απο την μιση Ελλαδα με Ελληνική προφορα μιλάει τα Αγγλικά, δεν σπουδάσαμε όλοι στην Οξφόρδη, τι να κάνουμε;
Πολυ σπουδαιος λογος για προδωσεις ελληνικε λαε εναν ηγετη προθυπουργο που υπερασπιτικε τον τοπο του χωρις να υπολογιζει τιποτα.νιωστε τωρα το αγγούρι της ακροδεξιας του κουλη!
ΠΡΟΔΟΤΗ
ponaw
ΓΕΛΟΙΕ
Πω...πω.
Aκαι κάτι τελευταίο τώρα που θα πέσει πνευματικη υστερία επειδή θα λείψουν τα τσιγάρα για ενα μήνα λένε υπάρχει το ηλεκτρονικό τσιγάρο  υγρη νικοτίνη μάξιμουμ 20mg/ml υπάρχει και 1,5mg/ml και μηδενική εάν συνηθειστε τώρα τα υγρά αναπλήρωσης θα ξυπνάτε με στεγνό στόμα και θα κοιμάστε το πολύ 5 ώρες ακριβώς εάν δε το ρίξετε στο αρωματικό ε τότε δεν θα φτάσω που θα τρέχετε σε καρδιολόγους και πνευμονολογους σε 1 χρόνο στη προσπάθεια σας να κόψτε το τσιγάρο Συμπέρασμα κόψτε όλες τις βλαβερές συνήθειες του καπνίσματος/ατμισματος μα ταχυκαρδία και ρίγος ωραία όνειρα θα βλέπετε επίσης τα κύμματα ΘΗΤΑ θα γίνουν κυμματα  α παιδιά να το βρείτε εσείς πειραματοζωο ο άνθρωπος από τώρα;
γιου καν σει γιου του μι
ενω ο αλλος που μιλαει καλα  αγλλοαμερικανικα σας στον βαζει με profeciency level..."
Η ερώτηση του δημοσιογράφου στον Τσίπρα για τα Αγγλικά.,"Σ' έχουν πάρει στο ψητό όλος ο πλανήτης Αλέξη.
Και μετά από ένα λεπτό τι έγινε; ;;;;;;; Αυτό το επεισόδιο θέλω να δω !!!!!!!
Αγραμματος και αξιος εκφραστης των αριστερων ζαιων
NOT MY PRIME MINISTER
Τη Ειναι Τουτο κ Η Κουτσι Μαρια ξερη Αγγλικά πως Να Μαθη Τον Άφηναν η Καταληψης
Δεν είναι ντροπή να μην ξέρεις αγγλικά όπως κράζουν αρκετοί ντροπή είναι να έχεις γνώσεις και να κοιτάς μόνο το συμφέρον σου όπως κάνουν χρόνια όλοι αυτοί άσχετα από ποιο  κόμμα είναι
τη να τον κανει το μεταφραστη λες και ξερει ελληνικα χαχαχαχχαχαχα
Τα ""στάνταρς"" για το πόσο γελοίο μπορούν να σε θεωρούν στην υφήλιο, τα έβαλε ο Τσίπρας μέσα σε μία ολιγόλεπτη συνέντευξη.
Μάλλον και τα ελληνικα του, παρότι «σπαστά», ειναι καλύτερα από του Τσίπρα... 
Ούτε Αγγλικά δεν ξερει
Κατσαπλιας!!!!
Τον δουλεύει και γελάει ο 360 μοιρών
Sto 24"": The moment where the Greek PM reflects silently ""OPAAAAA ti toumpanara exoume dw!!! ... ase mas ki esy re mastora me ta agglika kai ta vlaxika ... koita dw ti ginetai .. https://www.youtube.com/watch?v=TNTs6z7x2uA&feature=youtu.be&t=24
ΑΠΛΑ ΓΕΛΟΙΟΣ.......
Το μωράκι στα δεξιά ποιο είναι;
total όπως mobil , avin  , chevron, shell.
Όλοι αυτοί που βρίζουν τον Μητσοτάκη ας τα δουν αυτά..αλλά τα ξέχασαν..μόνο Μητσοτάκης ρε
Ξεχασε το λεξικο
Αγράμματος...κόπανος...καταληψιας...και Προδοτης  !!!"
"Τα αγγλικά του Τσίπρα ""κούφαναν"" τους Ευρωπαίους Σοσιαλιστές.","Ο Γαρδελης ,ο Ψάλτης και ο  Πέτροχείλος στις ταινίες του 1980' ,μιλούσαν 100 φορές καλύτερα αγγλικά κάνοντας καμάκι απλα σε ταινίες.
2,5 χρόνια COVID-19, πανω από 6 μήνες συνολικά σε lockdown και μένουμε σπίτι και ο άχρηστος δεν είχε χρόνο μια ώρα την ημέρα να μάθει μια γλώσσα η οποία είναι η ποιο εύκολη στον κόσμο βάσει, συντακτικού γραμματικής και ανάγνωσης.
ενα τετοιο βιντεακι καθε βραδυ και  ουτε ελληνικη ταινια  ουτε τιποτα ...α ρε τσιπρα να εισαι καλα με τις μπουρδες σου !
Η ανάμνηση απ'την Greece θα σου μείνει για Forever!!!!
""Δεν πατούσε το πόδι του στο πανεπιστήμιο. Μόνο σε καταλήψεις"".
Παραδοχή καθηγητών και συμμαθητών-συμφοιτητων.
""Η δύναμη είναι στο παραμύθι.""
Αλέκσης Τσίχλας 2012.
Τα αγγλικά του Ζήκου είναι Πέμπτης τάξης του δημοτικού. Από ότι φαίνεται δεν υπήρχε μεταφραστής να μεταφράζει τα αγγλικά του στην οικοδέσποινα του event ώστε να καταλαβαίνει και να βγάλει νόημα τι λέει ο Ζήκος. Θα είχες ενδιαφέρον να ακούσουμε και του Ανδρουλάκη συνδυασμένα με την προφορά του.
Τον στέλνεις Ευρώπη και έχεις το κεφάλι σου ήσυχο.
""Εάν είσαι βαθύπλουτος γόνος, εάν ανήκεις σε αυτή την κατηγορία εκείνων που δεν χριεάζεται να εργάζονται ποτέ στη ζωή τους…""
Άδωνις για Κυριάκο Μητσοτάκη, ως βουλευτής ΛΑΟΣ
Δεν μπόρεσα να το δω ολόκληρο , για κάποιο λόγο ντράπηκα .
Θα γελάνε και τα εγγόνια μας
Ντρέπομαι για λογαριασμό του μιλά ελληνικά αφού δεν το έχεις υπάρχουν μεταφραστές....
Βρε παιδιά τί είπε πάλι ο παγκόσμιος???Καλά μιλάμε ό τύπος είναι too hard to die!!!
Δεν ξερω γιατι οταν τον βλεπω μου γυριζουν τα αντερα. Η μαλλον ξερω (Πρεσπες, αγρια φορολογια, γ' μνημονιο, μπλοκαρισμα μεγαλων επενδυσεων, ανοιγμα συνορων και φυλακων, κλεισιμο τραπεζων,  ξεπουληματα ΟΣΕ και Τραπεζων κοψοχρονια κ.λ.π.)
""Θα το ρισκάρουμε με τη πανδημια κάνοντας καταλήψεις και συλλαλητηρια.""
Αλέκσης Τσίχλας 
There is a tribe deep in the Amazon who speak the same language with him. Lock him up. He is an embarrassment for the country.
γιατιιιιιιιιι??? γιατιιιιι το κανεις αυτο στον εαυτο σου??? μιλησες και πολυ ωρα, γιατιιιιι????
Three singing two dancing Aliexis ..

Big Rezilis Aliexis
Γιου σπικς δε ενγκλαντ δε βερυ μπεστερεστ Αλεξις
Χειροτέρεψαν τα αγγλικά του ή μου φαίνεται; Αχ αλεκση αν δε παρατούσες τα ιδιαίτερα, αχ αχ
Το ""φισκαλ"" το ""σαποτ""και το ""εξπεντ""αντι για εξπαντ"" με πεθαναν και εκει που ψευδιζει οταν λεει ""last thing""
Μεσα σε 2 χρονια με lockdowns αυτος ουτε 1 αγγλικη λεξη εμαθε, μαλλον ειναι πολυ busy με το να κοιταζει το ταβανι κ να λεει "" τσε τσε τσε τσε""
Stand up comedy....wtf al6s 
Το YouTube ΑΙ πιστεύει οτι μιλάει στα Ολλανδικά και έβαλε αυτόματα αντίστοιχους υπότιτλους..
Και θέλει και να μας κυβερνήσει κιόλας. Ποτέ των ποτών!!!
α0χ0αχ0α0χα0χ0α0χα0χ0αχ0 κλαίω !!!
Εκει με το τσιουλ τα έχασα λιγο
Κρίμα τόσο αγράμματος άνθρωπος να έχει κάνει πρωθυπουργός.
Σαν Πενταετία της ντροπής πρέπει να γραφτεί στα βιβλία της ιστορίας αυτό που ζήσαμε.
well done Al6, i farted with laughter!!!
Σ’ωραιος αλεκσις
O ΧΡΙΣΤΟΣ ΚΑΙ ΑΠΟΣΤΟΛΟΣ! ΧΑΧΑΧΑΧΑΑ
Από την Πόλη έρχομαι και στην κορφή κανέλα....!!!
ΑΥΤΟΕΞΕΥΤΕΛΙΣΜΟΣ
Έχει  θράσος
Αυτό ακριβώς... τίποτα άλλο
""We have to make shoe""αυτο ακουω
Αχαχαχαχααααααα!!!! Γιατί τον κοροϊδεύετε βρε παιδιά ???? Προσπαθεί να μιλήσει γρήγορα και με άνεση (δήθεν)!,,,, 
You will run and you will never reach alexis
Mr Tsipras do you speak English??
Yes!!! But with the AAAA accent!

Translation not available
Τουλαχιστον το διασκεδαζουμετι παθαμε
Internasional REZILIS !!
Δείξτε και του Ανδρουλάκη...
Οι άλλοι γιατί χειροκροτούν?
The story had a dragon
ΑΑΑΑΑ    ΚΑΙ   ΞΈΡΩ   ΣΟΎ..
οχι απλά ντρέπομαι για λογαριασμό του, με πιάνει αγχος! Ζήτα έναν μεταφραστή, δεν είναι ντροπή! cringe
Γιού εντ με...μπιγκ Λαβ ΑΛ-6 !
Γελειος
TO SAY TO SAY hahahhhhahaha
τι λεει το ζαβο!!!!
Eurovoskos
Me Tarzan you Jane 
Καλα, δε ντρέπεται?
Αααα!,, ρε Αλεξ!!προσπαθεις να μιμηθείς τον Κυριακο??
Τραγωδία...
Τα βλέμματα όλα τα λεφτά.
Ρ στυλιαρι αφού δεν το έχεις μιλά ελληνικά δεν είναι ντροπή.
τι προσπαθει να πει?ειλικρινα ρωταω ...δεν καταλαβα γρι...
Γουι γκοινγκ νταιρεκτλι του δε χελ!!!
Ι σαππορτ ΛΕξι
Γιου κουφντ δεμ.....
Χωρίς Σχόλια....
Τι ειπε.?
Τι ξες τι είμαι γω
Δεν τον πάω με καμία, αλλά εδώ τουλάχιστον  έδειξε ότι προσπαθεί να βελτιωθεί
I  love you.... you live I ?
Μου θυμίζει τα αγγλικά του Καραμανλή και του Άδωνι
Το να κοροϊδεύεις τα αγγλικά κάποιου δεν είναι πολιτική αντιπαράθεση
ΤΟ ΠΟΛΥ ΑΑΑΑ ΤΟ ΠΑΕΙ ΑΛΛΟΥ ""ΚΑΙ ΑΑΑ ΚΑΙ ΟΥΥ ΚΑΙ ΔΑΠ ΝΟΥΔΟΥΦΟΥΚΟΥ""
ΓΙΟΥ κουφ ΜΙ Στιουμπιτ 
Γελαει και το γελοιο
ΑΓΡΑΜΜΑΤΟΣ ΠΡΩΘΥΠΟΥΡΓΟΣ"
Οι Τούρκοι σπεύδουν να εκμεταλλευτούν το επεισόδιο Μητσοτάκη – Σούνακ | Σήμερα | 28/11/2023,
Τσίπρας: Θα μας παρακαλάνε να μας δανείσουν,"""Ακόμη και η μαφία έχει κανόνες. Ό ΣΥΡΙΖΑ όχι.""
Ζωή Κωνσταντοπούλου
""Μπορεί ο λαός να μας κατηγορεί ως ψεύτες.""
Α6Σ Τσίχλας 2016 
Αλέξη.Πές μας τι πίνεις & δεν μας δίνεις..
Η δύναμη είναι στο παραμύθι
Ηγέτης μεγάλος!!!
αυτός κυβέρνησε τη χώρα...
Βουλωμένο  γράμμα διάβαζε!
Σέ όλα έπεσε μέσα,διαβολεμενη αντίληψη των πραγμάτων.
23/08/2020....
Για να μην ξεχνάμε...
Ούτε μία στο εκατομμύριο....
ΚΑΤΣΑΠΛΙΑ!!ΚΑΤΣΑΠΛΙΑ!!ΚΑΤΣΑΠΛΙΑ!!ΚΑΤΣΑΠΛΙΑ!!
Είπε ο καταληψίας!
εισαι μεγαλος αλητης ...ρεεεεε
Το ποιός παρακαλά Αλέξη το είδαμε όλοι.
Μεγάλα λόγια , ενός μωροφιλοδοξου καταληψία !!!
Αγράμματος Πινόκιο με τεράστια υπεροψία
Επρεπε να περιμενει να τελειωσει η δευτερη μνημονιακη συμβαση τον φλεβαρη του 2015 και μετα απλα να μην υπογραψει τριτη και κακως ζητησε προωρες εκλογες!
Ο ψευτομαγκας στην εκπομπη του ψεκα, φοβερος συνδυασμος.
ΜΕΣΑ ΣΤ ΑΠΡΙΛΗ ΤΗΝ ΓΙΟΡΤΗ...
Ωχ. εκεί τον βαρεσε

ΑΧΡΙ--ΣΤΕ--ΡΑ 
Bye bye Tsipras ️
πινοκιο....
Ιησούς Χριστός.... Ο.Ο
λολ
Αρνακι ασπρο και παχυ
ο χειροτερος Ελληνας πρωθυπουργος!
VRW---MA SI--RI--ZA 
Α6Σ Τσίχλας 
Και όμως το τρίτο μνημόνιο έχει επιτόκια Γερμανίας και το δημόσιο γλυτώνει  κάθε χρόνο  από τόκους πάνω από 3 Δισεκατομύρια
ΞΥΡΙΖΑ
Αυτός είναι αρωστος
Αλήτης
"
Τα έκανε Γης Μαδιάμ ο Στέφανος Χίος! Και τι δεν είπε για τα αίσχη των Βρετανών κατά της Ελλάδας,"Πεστα κυριε στεφανε χιο άξιο παλικάρι εισαι
ΣΤΕΦΑΝΑΡΑ ΠΕΣΤΑ ΧΡΥΣΟΣΤΟΜΕ ΕΣΈΝΑ ΘΈΛΟΥΜΕ ΜΑΣ ΚΑΝΗΣ ΠΕΡΙΦΑΝΟΥΣ ΣΥΝΈΧΕΙΑ ΝΑ ΣΕ ΈΧΕΙ Ο ΘΕΌΣ ΚΑΛΑ ΚΑΙ ΔΥΝΑΤΟ ️️🇬🇷🇨🇾
Να αγιάσει το στωμα σου
Στέφανε είμαστε στην ίδια
Γραμμή πλεύσης κάποτε οι 
Έλληνες πρέπει να διαβάσουν
Μπράβο καψαμπελη!!! Έτσι να τα λες και να αφήνεις και τους άλλους να τα λένε και να μην κόβεις τον Σπινο.
Πότε φέρθηκαν οι Άγγλοι φιλικά στα Εθνικά συμφέροντα της Ελλάδας;
Πολύ καλα τα λεει ο Χίος αυτη είναι η ιστορία μας με τους Άγγλους κωλοφαρα είναι οι Άγγλοι
Στέφανε και κ σπίνο κρεμόμαστε από το αγιασμένο στόμα σας σας ευχομε να είστε πάντα καλά να σας ακούμε
Ναι θα συζητούσε ο γκαντεμοσαυρος για το μεταναστευτικό, με τον Πακιστανό
Τι ειρωνία..
Καλά τα λες αλλά ποιος σε ακούει;
Καλημέρα μπράβο σου Στέφανε!!!
Από το '64?  Εκπτώσεις κάνετε.
Γιατί ενοχλήθηκε ο Μητσοτάκης??ο πρωθυπουργός  τις Αλβανίας τι πρέπει  να  κάνι που δεν πήγε Στην  Αλβανία για  το Άγαλμα του πατέρα??
Οπως το λεγανε και οι παλιοι "" ολα τα κακα απο την Αγγλια ξεκινανε..."".(Και η πλακα ειναι οτι το εχω ακουσει και απο αλβανους 50αρηδες και πανω αυτο που το λεγανε στην χωρα τους).
αληθινος ο στεφανος οπως παντα
pravo stefane allu mia foraaa pestaaa🇬🇷️
Σαυρα μεγαλη ναι αυτα δε τα ξερει ο ελληνικος λαος ειδικα οι νεοι
Σαύρα η Ελισάβετ και όχι μόνο...

Στέφανε 1000 χρόνια να εχεις!
!!!
και εσείς όλοι είστε με αυτούς, διαστροφη
Καμμια σημασία δεν δίνω πια στο τι λέει ο χιος
Ας ειμαστε ποιο συγκρατημένοι και ευπρεπεις εχουμε αρκετους ελληνες εργαζομενους στην χωρα
Και εμφυλιος; Δικό τους σχέδιο και εφαρμογή.
Αληθεια  ειναι  εχουμε διαβασει τοσα βιβλια οι Βρετανοι μας ανακατευαν παντα !
Πεστα Στεφανε !!!!!
Κατουραμε πάνω στη βασίλισσα...."
"""Παγωμάρα"" στις σχέσεις ΣΥΡΙΖΑ-ΠΑΣΟΚ - Δεν σηκώθηκε ο Ανδρουλάκης για να χαιρετήσει τον Κασσελάκη",
Εξεταστική για Τέμπη: Διέκοψε τις εργασίες της — Σφοδρή κόντρα Ζ. Κωνσταντοπούλου – Δ. Μαρκόπουλου,
"Ν. Μπίστης: Συγκροτείται η νέα Κ.Ο., άμεσα θα ανακοινωθεί και το όνομά της | 28/11/2023 | ΕΡΤ",
Τα ψέματα Τσίπρα μετά την υπογραφή του Μνημονίου,"Μην τους λυπάστε καθόλου!!!!Ξευτιλήστε τους
Ο Απόλυτος Εφιάλτης!
Πρώτη φορά αριστερά και η σκληρότερη μνημονιακή κυβέρνηση που πέρασε από τον τόπο. Τύφλα να 'χουν ο ΓΑΠ κι ο Σαμαράς.
Θα πρέπει να τον ευχαριστούμε όλοι μας...που μας έσωσε την Ακρόπολη....
Δεν φταίει αυτός, αυτοί που τον ψήφισαν φταίνε. Ύστερα από την καταστροφή που προκαλεσε, πήρε 32% το 2019, σχεδόν ένας στους τρεις. Άξιοι της μοίρας μας είμαστε
Να το ΕΧΕΤΑΙ αυτό το βιντεάκι κάθε μέρα όμως, μπας και ξυπνήσουν και τα τελευταία ζωντανά της ΕΛΛΑΔΑΣ ΚΑΙ πάει Ο ΣΥΡΙΖΑ ΣΤΟΝ ΑΓΎΡΙΣΤΟ . Ο ΧΕΙΡΟΤΕΡΟΣ ΠΟΛΙΤΙΚΟΣ  ΚΟΛΟΤΟΥΜΠΑΣ ΠΟΥ ΠΕΡΑΣΕ ΑΠΟ ΤΗΝ ΒΟΥΛΗ.
Να δείτε τι είπε στη ΔΕΘ 2022. Υποσχέθηκε ο,τι έδωσε ο Μητσοτάκης επί 2.... χαχαχα. Αν ο Μητσοτάκης έδινε τα διπλά, ο Τσιπρας θα έδινε τα τετραπλα.

Το ""Τσοβολα δώστα όλα"" έγινε ""Τσιπρα δώστα όλα"".
Ευτυχώς που έσκισε τα μνημόνια, αλλιώς θα χρωστούσαμε για άλλα 99 χρόνια...
Υλικό υπάρχει να φτιάξετε μεγαλύτερο βίντεο τώρα που έρχονται εκλογές. Για να θυμάται ο κόσμος.
Καημένη Ελλάδα....
ΚΑΘΑΡΜΑ ΤΣΙΠΡΑ
Αμα διαβάσω τα σχολεία θα λένε: 
Μοντάρετε της ομιλίες,  δεν τα είπαν ετσι , δεν καταλαβενετε , κάνετε προπαγάνδα κατά του Σύριζα...... 
Συνχαριτιρια σε όσους τους ψηφίζουν ΔΕΝ σας έκοψαν ΤΙΠΟΤΑ 
1.000 ψέμματα σε 1 λεπτό...
Νε λεβέντη μου , όλα  από εκεί ξεκίνανε , απο την λαϊκή εντολή 
Οι είναι οι καλύτεροι; Ο καρανικας; Ι αχ; Ο Κοτζιάς; Ι Τασία; Ο Μπάρκας; Ποιος λαθροτσιπροφσκι;
ΕΣΚΙΣΕ   ΤΑ   ΜΝΗΜΟΝΙΑ   ...   ΚΑΤΗΡΓΗΣΕ   ΤΟΝ   ΕΝΦΙΑ   ...
οταν. βλεπο. το. τσιπρα. μα. νεβενει. το. αιμα. στο. κεφαλι
ωραιο...μπορω να το χρησιμοποιησω σε ενα βιντεο; θα σε αναφερω στην περιγραφη και στα σχολια
1 ευκαιρία είχατε....την χάσατε. 2η δεν υπαρχει
Κατουρησες αγορι μου? αν ναι σηκωσε το φερμοθαρ γιατι σου φαινεται...
Μόνο 72 σχόλια αυτό το αριστούργημα...

μιπως. παιρνουν. ψυχοφαρμακα;  συγουρα παιρνουν. εδω. τα. χριαζοντε
MASTER PSEFTES
παρεδωσε. με. αυτους.   δεν. θελω
Εγώ παρατηρώ ότι η ομάδα αλήθειας μόνο για τον ΣΥΡΙΖΑ βγάζει βιντεακια....αν δεν είναι χορηγός της ΝΔ τότε τι είναι;;;...όταν δείχνεις μόνο τη μια πλευρά κάνεις προπαγάνδα ρε φίλε τέλος
Το αρχή Πινόκιο στο μεγαλείο του
Μεγάλο καθίκι.
Θα θα θα ......................
ο μεγαλύτερος παπατζής !!!
τι τους ταζουν αυτοι οι μασονοι ρε
Έπρεπε να πάρουν 3 τοις εκατο
ΝΕΟ παγκόσμιο ρεκόρ ,σε 3 λεπτά είπε 1 εκατομμύριο ΨΕΜΑΤΑ ,αυτό δεν ξανάγινε ούτε θα ξαναγίνει ΠΟΤΕ,
ΑΥΤΟΣ είναι ο Τσίπρακκος ,ο ηγέτης ,καμαρώστε τον ,αυτό το ρεκόρ θα παραμένει για ΠΑΝΤΑ"
